index,Date,Open,High,Low,Close,Adj Close,Volume
0,2021-10-14,328.359985351562,330.519989013672,327.100006103516,328.529998779297,328.529998779297,14302200
1,2021-10-15,328.679992675781,329.070007324219,322.510009765625,324.760009765625,324.760009765625,21596400
2,2021-10-18,328.950012207031,335.890014648437,327.5,335.339996337891,335.339996337891,21585000
3,2021-10-19,339.649993896484,342.459991455078,337.279998779297,339.989990234375,339.989990234375,18786300
4,2021-10-20,343.450012207031,343.980010986328,339.450012207031,340.779998779297,340.779998779297,13639500
5,2021-10-21,340.279998779297,342.309997558594,337.799987792969,341.880004882813,341.880004882813,16354400
6,2021-10-22,326.350006103516,329.630004882812,321.109985351563,324.609985351562,324.609985351562,35224500
7,2021-10-25,320.299987792969,329.559997558594,319.720001220703,328.690002441406,328.690002441406,38409000
8,2021-10-26,328.260009765625,330.209991455078,309.600006103516,315.809997558594,315.809997558594,65654000
9,2021-10-27,314.190002441406,319.25,312.059997558594,312.220001220703,312.220001220703,29971800
10,2021-10-28,312.989990234375,325.519989013672,308.109985351562,316.920013427734,316.920013427734,50806800
11,2021-10-29,320.190002441406,326.0,319.600006103516,323.570007324219,323.570007324219,37059400
12,2021-11-01,326.040008544922,333.450012207031,326.0,329.980010986328,329.980010986328,31518900
13,2021-11-02,331.380004882813,334.790008544922,323.799987792969,328.079986572266,328.079986572266,28353000
14,2021-11-03,327.489990234375,332.149993896484,323.200012207031,331.619995117188,331.619995117188,20786500
15,2021-11-04,334.010009765625,337.269989013672,332.649993896484,335.850006103516,335.850006103516,22495300
16,2021-11-05,340.309997558594,346.790008544922,339.640014648438,341.130004882812,341.130004882812,26872800
17,2021-11-08,344.420013427734,344.790008544922,338.339996337891,338.619995117187,338.619995117187,18342500
18,2021-11-09,340.0,341.309997558594,334.470001220703,335.369995117187,335.369995117187,17556700
19,2021-11-10,332.489990234375,333.190002441406,325.510009765625,327.640014648437,327.640014648437,21872600
20,2021-11-11,329.820007324219,332.459991455078,327.0,327.739990234375,327.739990234375,12376600
21,2021-11-12,330.179992675781,341.859985351562,329.779998779297,340.890014648437,340.890014648437,25414300
22,2021-11-15,344.339996337891,353.649993896484,343.200012207031,347.559997558594,347.559997558594,25076600
23,2021-11-16,343.829986572266,346.649993896484,340.869995117187,342.959991455078,342.959991455078,18181100
24,2021-11-17,344.239990234375,347.299987792969,340.100006103516,340.769989013672,340.769989013672,13602800
25,2021-11-18,339.720001220703,342.459991455078,335.299987792969,338.690002441406,338.690002441406,17487200
26,2021-11-19,342.200012207031,352.100006103516,339.899993896484,345.299987792969,345.299987792969,26488500
27,2021-11-22,349.049987792969,353.829986572266,340.510009765625,341.010009765625,341.010009765625,27116800
28,2021-11-23,338.929992675781,341.399993896484,333.5,337.25,337.25,17225000
29,2021-11-24,336.0,341.779998779297,332.809997558594,341.059997558594,341.059997558594,13566200
30,2021-11-26,335.799987792969,337.75,331.899993896484,333.119995117187,333.119995117187,14750700
31,2021-11-29,336.890014648437,340.670013427734,335.309997558594,338.029998779297,338.029998779297,16650900
32,2021-11-30,335.0,335.809997558594,323.429992675781,324.459991455078,324.459991455078,25390000
33,2021-12-01,330.290008544922,330.5,310.290008544922,310.600006103516,310.600006103516,30329600
34,2021-12-02,311.399993896484,314.600006103516,307.200012207031,310.390014648438,310.390014648438,24396200
35,2021-12-03,313.730010986328,313.75,299.5,306.839996337891,306.839996337891,27471000
36,2021-12-06,308.130004882812,320.100006103516,306.339996337891,317.869995117187,317.869995117187,21758300
37,2021-12-07,321.570007324219,326.540008544922,321.0,322.809997558594,322.809997558594,18794000
38,2021-12-08,325.0,332.75,323.070007324219,330.559997558594,330.559997558594,19937700
39,2021-12-09,329.540008544922,336.130004882812,328.0,329.820007324219,329.820007324219,16879200
40,2021-12-10,332.559997558594,335.029998779297,326.369995117187,329.75,329.75,14528000
41,2021-12-13,330.950012207031,341.089996337891,329.589996337891,334.489990234375,334.489990234375,22948700
42,2021-12-14,328.049987792969,335.700012207031,327.649993896484,333.739990234375,333.739990234375,20461000
43,2021-12-15,332.489990234375,342.109985351563,323.980010986328,341.660003662109,341.660003662109,24681300
44,2021-12-16,338.980010986328,344.459991455078,333.739990234375,334.899993896484,334.899993896484,22635000
45,2021-12-17,332.799987792969,337.109985351562,330.75,333.790008544922,333.790008544922,40012600
46,2021-12-20,329.779998779297,329.899993896484,322.529998779297,325.450012207031,325.450012207031,17901800
47,2021-12-21,326.410003662109,336.0,323.75,334.200012207031,334.200012207031,16116800
48,2021-12-22,333.799987792969,334.510009765625,328.260009765625,330.450012207031,330.450012207031,16764600
49,2021-12-23,330.100006103516,336.670013427734,328.359985351562,335.239990234375,335.239990234375,13987700
50,2021-12-27,338.850006103516,347.869995117187,338.010009765625,346.179992675781,346.179992675781,17795000
51,2021-12-28,346.630004882812,352.709991455078,345.200012207031,346.220001220703,346.220001220703,16637600
52,2021-12-29,346.910003662109,349.690002441406,341.640014648438,342.940002441406,342.940002441406,10747000
53,2021-12-30,344.0,347.230010986328,343.220001220703,344.359985351563,344.359985351563,10593300
54,2021-12-31,343.019989013672,343.440002441406,336.269989013672,336.350006103516,336.350006103516,12870500
55,2022-01-03,338.299987792969,341.079986572266,337.190002441406,338.540008544922,338.540008544922,14537900
56,2022-01-04,339.950012207031,343.089996337891,331.869995117187,336.529998779297,336.529998779297,15998000
57,2022-01-05,333.019989013672,335.760009765625,323.839996337891,324.170013427734,324.170013427734,20564500
58,2022-01-06,322.820007324219,339.170013427734,322.720001220703,332.459991455078,332.459991455078,27962800
59,2022-01-07,332.739990234375,337.0,328.880004882812,331.790008544922,331.790008544922,14722000
60,2022-01-10,325.309997558594,328.339996337891,315.429992675781,328.070007324219,328.070007324219,24942400
61,2022-01-11,326.779998779297,334.630004882812,325.279998779297,334.369995117187,334.369995117187,16226800
62,2022-01-12,335.179992675781,336.369995117187,330.029998779297,333.260009765625,333.260009765625,14104900
63,2022-01-13,334.980010986328,335.630004882813,325.760009765625,326.480010986328,326.480010986328,14797100
64,2022-01-14,321.790008544922,332.730010986328,321.209991455078,331.899993896484,331.899993896484,16868500
65,2022-01-18,323.290008544922,324.209991455078,317.640014648437,318.149993896484,318.149993896484,22645600
66,2022-01-19,319.579986572266,327.100006103516,319.329986572266,319.589996337891,319.589996337891,20814700
67,2022-01-20,323.899993896484,327.820007324219,315.980010986328,316.559997558594,316.559997558594,16925000
68,2022-01-21,314.809997558594,318.309997558594,303.040008544922,303.170013427734,303.170013427734,28710700
69,2022-01-24,297.839996337891,309.529998779297,289.010009765625,308.709991455078,308.709991455078,38878100
70,2022-01-25,299.950012207031,306.230010986328,297.579986572266,300.149993896484,300.149993896484,25108500
71,2022-01-26,307.010009765625,307.510009765625,290.850006103516,294.630004882812,294.630004882812,28348800
72,2022-01-27,297.75,301.709991455078,294.260009765625,294.640014648437,294.640014648437,21629900
73,2022-01-28,295.619995117187,301.899993896484,293.029998779297,301.709991455078,301.709991455078,21871600
74,2022-01-31,300.679992675781,313.790008544922,299.320007324219,313.260009765625,313.260009765625,21579500
75,2022-02-01,314.559997558594,319.660003662109,312.119995117187,319.0,319.0,18023800
76,2022-02-02,327.820007324219,328.0,316.869995117188,323.0,323.0,58458300
77,2022-02-03,244.649993896484,248.0,235.75,237.759994506836,237.759994506836,188119900
78,2022-02-04,234.970001220703,242.610000610352,230.110000610352,237.089996337891,237.089996337891,89342200
79,2022-02-07,237.699996948242,238.300003051758,224.009994506836,224.910003662109,224.910003662109,88613800
80,2022-02-08,220.850006103516,225.770004272461,216.149993896484,220.179992675781,220.179992675781,94729700
81,2022-02-09,224.199996948242,233.369995117187,222.210006713867,232.0,232.0,86563300
82,2022-02-10,228.270004272461,235.0,226.699996948242,228.070007324219,228.070007324219,49310400
83,2022-02-11,228.460006713867,230.419998168945,218.770004272461,219.550003051758,219.550003051758,46156900
84,2022-02-14,219.309997558594,221.0,214.779998779297,217.699996948242,217.699996948242,38184000
85,2022-02-15,220.470001220703,221.149993896484,215.059997558594,221.0,221.0,42685500
86,2022-02-16,212.410003662109,217.460006713867,212.360000610352,216.539993286133,216.539993286133,45817500
87,2022-02-17,214.020004272461,217.5,207.160003662109,207.710006713867,207.710006713867,38747500
88,2022-02-18,209.389999389648,210.75,205.179992675781,206.160003662109,206.160003662109,37128400
89,2022-02-22,202.339996337891,207.479995727539,200.059997558594,202.080001831055,202.080001831055,39852400
90,2022-02-23,204.160003662109,206.940002441406,198.050003051758,198.449996948242,198.449996948242,44481400
91,2022-02-24,191.059997558594,208.350006103516,190.220001220703,207.600006103516,207.600006103516,49957200
92,2022-02-25,204.940002441406,211.320007324219,203.179992675781,210.479995727539,210.479995727539,37627600
93,2022-02-28,207.679992675781,213.149993896484,206.830001831055,211.029998779297,211.029998779297,34239800
94,2022-03-01,209.869995117187,211.75,202.220001220703,203.490005493164,203.490005493164,27094900
95,2022-03-02,204.779998779297,209.149993896484,202.020004272461,208.110000610352,208.110000610352,29452100
96,2022-03-03,209.020004272461,209.080001831055,201.419998168945,202.970001220703,202.970001220703,27263500
97,2022-03-04,202.369995117188,205.889999389648,198.789993286133,200.059997558594,200.059997558594,32130900
98,2022-03-07,200.789993286133,200.889999389648,187.279998779297,187.470001220703,187.470001220703,38560600
99,2022-03-08,187.850006103516,196.699996948242,186.110000610352,190.289993286133,190.289993286133,37508100
100,2022-03-09,195.740005493164,199.100006103516,193.919998168945,198.5,198.5,31894700
101,2022-03-10,194.839996337891,196.279998779297,191.070007324219,195.210006713867,195.210006713867,24853000
102,2022-03-11,192.639999389648,193.559997558594,186.669998168945,187.610000610352,187.610000610352,34694500
103,2022-03-14,187.029998779297,192.289993286133,185.820007324219,186.630004882813,186.630004882813,31010500
104,2022-03-15,190.800003051758,192.279998779297,185.910003662109,192.029998779297,192.029998779297,31721700
105,2022-03-16,194.699996948242,203.729995727539,194.520004272461,203.630004882812,203.630004882812,40640300
106,2022-03-17,201.699996948242,208.039993286133,201.110000610352,207.839996337891,207.839996337891,29499700
107,2022-03-18,206.699996948242,216.800003051758,206.0,216.490005493164,216.490005493164,52128000
108,2022-03-21,214.5,214.710006713867,207.630004882812,211.490005493164,211.490005493164,30142300
109,2022-03-22,211.369995117187,219.460006713867,210.179992675781,216.649993896484,216.649993896484,31998800
110,2022-03-23,213.330001831055,216.800003051758,212.160003662109,213.460006713867,213.460006713867,23717300
111,2022-03-24,215.0,220.669998168945,214.789993286133,219.570007324219,219.570007324219,31502300
112,2022-03-25,220.509994506836,225.5,218.889999389648,221.820007324219,221.820007324219,40039000
113,2022-03-28,222.130004882812,224.039993286133,219.539993286133,223.589996337891,223.589996337891,26224100
114,2022-03-29,226.070007324219,230.889999389648,225.289993286133,229.860000610352,229.860000610352,31417900
115,2022-03-30,228.910003662109,231.149993896484,226.710006713867,227.850006103516,227.850006103516,25588000
116,2022-03-31,228.449996948242,228.490005493164,222.259994506836,222.360000610352,222.360000610352,24192300
117,2022-04-01,224.550003051758,227.279998779297,222.699996948242,224.850006103516,224.850006103516,19544800
118,2022-04-04,225.979995727539,234.350006103516,225.860000610352,233.889999389648,233.889999389648,28054800
119,2022-04-05,234.080001831055,236.860000610352,231.020004272461,231.839996337891,231.839996337891,29727200
120,2022-04-06,226.910003662109,228.990005493164,221.410003662109,223.300003051758,223.300003051758,28995100
121,2022-04-07,223.929992675781,225.520004272461,218.559997558594,222.949996948242,222.949996948242,21037200
122,2022-04-08,222.380004882812,225.130004882813,220.029998779297,222.330001831055,222.330001831055,18375700
123,2022-04-11,218.419998168945,220.610000610352,215.220001220703,216.460006713867,216.460006713867,20516600
124,2022-04-12,220.240005493164,222.029998779297,213.130004882812,214.139999389648,214.139999389648,20128800
125,2022-04-13,211.820007324219,216.610000610352,211.330001831055,214.990005493164,214.990005493164,19231800
126,2022-04-14,214.889999389648,214.990005493164,210.0,210.179992675781,210.179992675781,18379500
127,2022-04-18,210.0,213.380004882812,208.300003051758,210.770004272461,210.770004272461,16580800
128,2022-04-19,210.520004272461,218.429992675781,209.0,217.309997558594,217.309997558594,20089900
129,2022-04-20,213.610000610352,214.160003662109,198.919998168945,200.419998168945,200.419998168945,43036500
130,2022-04-21,201.600006103516,202.970001220703,185.580001831055,188.070007324219,188.070007324219,49954100
131,2022-04-22,190.369995117188,192.720001220703,183.270004272461,184.110000610352,184.110000610352,36426800
132,2022-04-25,182.729995727539,187.179992675781,181.660003662109,186.990005493164,186.990005493164,29281100
133,2022-04-26,186.630004882813,187.190002441406,179.5,180.949996948242,180.949996948242,31747400
134,2022-04-27,174.429992675781,181.210006713867,169.0,174.949996948242,174.949996948242,71062900
135,2022-04-28,202.919998168945,208.529998779297,192.899993896484,205.729995727539,205.729995727539,100890600
136,2022-04-29,204.460006713867,212.479995727539,199.899993896484,200.470001220703,200.470001220703,49193400
137,2022-05-02,201.169998168945,211.880004882812,200.990005493164,211.130004882812,211.130004882812,49915300
138,2022-05-03,210.449996948242,214.899993896484,208.089996337891,212.029998779297,212.029998779297,41556300
139,2022-05-04,210.649993896484,224.300003051758,206.960006713867,223.410003662109,223.410003662109,41375900
140,2022-05-05,218.740005493164,220.169998168945,206.160003662109,208.279998779297,208.279998779297,41129200
141,2022-05-06,207.339996337891,209.380004882812,201.020004272461,203.770004272461,203.770004272461,34747200
142,2022-05-09,199.839996337891,202.570007324219,195.580001831055,196.210006713867,196.210006713867,36303200
143,2022-05-10,199.509994506836,202.960006713867,194.190002441406,197.649993896484,197.649993896484,34452500
144,2022-05-11,196.330001831055,200.669998168945,188.270004272461,188.740005493164,188.740005493164,31153400
145,2022-05-12,187.059997558594,198.050003051758,184.779998779297,191.240005493164,191.240005493164,38262200
146,2022-05-13,192.580001831055,199.889999389648,191.279998779297,198.619995117188,198.619995117188,24549800
147,2022-05-16,197.050003051758,205.369995117187,195.929992675781,200.039993286133,200.039993286133,27112600
148,2022-05-17,202.119995117187,205.460006713867,198.360000610352,202.619995117188,202.619995117188,24872700
149,2022-05-18,200.0,201.0,191.630004882813,192.240005493164,192.240005493164,23960000
150,2022-05-19,191.199996948242,195.289993286133,189.600006103516,191.289993286133,191.289993286133,24446900
151,2022-05-20,194.970001220703,197.910003662109,187.869995117188,193.539993286133,193.539993286133,31465600
152,2022-05-23,195.190002441406,196.990005493164,191.240005493164,196.229995727539,196.229995727539,25059200
153,2022-05-24,180.550003051758,183.679992675781,176.110000610352,181.279998779297,181.279998779297,50406300
154,2022-05-25,180.399993896484,185.449996948242,179.320007324219,183.830001831055,183.830001831055,28030200
155,2022-05-26,182.880004882813,192.830001831055,182.259994506836,191.630004882813,191.630004882813,23056500
156,2022-05-27,191.360000610352,195.330001831055,189.800003051758,195.130004882812,195.130004882812,22562700
157,2022-05-31,194.889999389648,197.600006103516,192.009994506836,193.639999389648,193.639999389648,26131100
158,2022-06-01,196.509994506836,199.529998779297,185.0,188.639999389648,188.639999389648,36623500
159,2022-06-02,188.449996948242,200.940002441406,187.729995727539,198.860000610352,198.860000610352,31951600
160,2022-06-03,195.979995727539,196.610000610352,189.779998779297,190.779998779297,190.779998779297,19465000
161,2022-06-06,193.990005493164,196.919998168945,188.399993896484,194.25,194.25,30574200
162,2022-06-07,191.929992675781,196.529998779297,191.490005493164,195.649993896484,195.649993896484,18828700
163,2022-06-08,194.669998168945,202.029998779297,194.410003662109,196.639999389648,196.639999389648,22267200
164,2022-06-09,194.279998779297,199.449996948242,183.679992675781,184.0,184.0,23501600
165,2022-06-10,183.039993286133,183.100006103516,175.020004272461,175.570007324219,175.570007324219,27450800
166,2022-06-13,170.589996337891,172.580001831055,164.029998779297,164.259994506836,164.259994506836,31749300
167,2022-06-14,166.029998779297,166.75,161.360000610352,163.729995727539,163.729995727539,27244300
168,2022-06-15,167.199996948242,172.160003662109,163.979995727539,169.350006103516,169.350006103516,30008300
169,2022-06-16,163.720001220703,165.080001831055,159.610000610352,160.869995117188,160.869995117188,26944100
170,2022-06-17,161.679992675781,165.899993896484,159.899993896484,163.740005493164,163.740005493164,31374200
171,2022-06-21,165.929992675781,167.759994506836,155.970001220703,157.050003051758,157.050003051758,50724900
172,2022-06-22,158.380004882813,160.789993286133,155.440002441406,155.850006103516,155.850006103516,47267800
173,2022-06-23,156.270004272461,159.75,154.25,158.75,158.75,40499200
174,2022-06-24,161.729995727539,170.25,161.300003051758,170.160003662109,170.160003662109,68736000
175,2022-06-27,171.320007324219,171.75,168.009994506836,169.490005493164,169.490005493164,29174600
176,2022-06-28,169.899993896484,171.300003051758,160.610000610352,160.679992675781,160.679992675781,27744500
177,2022-06-29,163.570007324219,166.330001831055,160.320007324219,163.940002441406,163.940002441406,28595200
178,2022-06-30,162.149993896484,165.229995727539,158.490005493164,161.25,161.25,35250600
179,2022-07-01,160.309997558594,160.619995117188,155.0,160.029998779297,160.029998779297,31423900
180,2022-07-05,158.139999389648,168.25,157.020004272461,168.190002441406,168.190002441406,28618600
181,2022-07-06,168.199996948242,171.589996337891,165.460006713867,169.770004272461,169.770004272461,23085900
182,2022-07-07,169.449996948242,172.720001220703,167.779998779297,172.190002441406,172.190002441406,24083400
183,2022-07-08,169.979995727539,172.399993896484,168.149993896484,170.880004882813,170.880004882813,19249200
184,2022-07-11,167.070007324219,167.490005493164,161.910003662109,162.880004882813,162.880004882813,21885600
185,2022-07-12,164.800003051758,165.910003662109,162.100006103516,163.270004272461,163.270004272461,16639700
186,2022-07-13,160.160003662109,164.979995727539,159.610000610352,163.490005493164,163.490005493164,16555100
187,2022-07-14,161.220001220703,162.589996337891,157.279998779297,158.050003051758,158.050003051758,23765200
188,2022-07-15,160.539993286133,164.979995727539,159.820007324219,164.699996948242,164.699996948242,23342800
189,2022-07-18,166.75,171.690002441406,165.639999389648,167.229995727539,167.229995727539,23574300
190,2022-07-19,170.369995117188,176.490005493164,169.509994506836,175.779998779297,175.779998779297,25933700
191,2022-07-20,177.490005493164,183.600006103516,176.699996948242,183.089996337891,183.089996337891,24784300
192,2022-07-21,180.630004882813,183.850006103516,178.869995117188,183.169998168945,183.169998168945,27195800
193,2022-07-22,173.070007324219,175.600006103516,168.410003662109,169.270004272461,169.270004272461,42583900
194,2022-07-25,169.0,170.570007324219,164.809997558594,166.649993896484,166.649993896484,26166300
195,2022-07-26,165.940002441406,166.0,157.949996948242,159.149993896484,159.149993896484,28468400
196,2022-07-27,162.589996337891,170.869995117188,162.020004272461,169.580001831055,169.580001831055,43846600
197,2022-07-28,161.059997558594,161.509994506836,154.850006103516,160.720001220703,160.720001220703,73214300
198,2022-07-29,157.690002441406,160.139999389648,155.169998168945,159.100006103516,159.100006103516,42065400
199,2022-08-01,157.25,165.190002441406,155.229995727539,159.929992675781,159.929992675781,40596700
200,2022-08-02,158.309997558594,162.240005493164,158.009994506836,160.190002441406,160.190002441406,27374500
201,2022-08-03,162.690002441406,169.539993286133,161.570007324219,168.800003051758,168.800003051758,31721900
202,2022-08-04,168.300003051758,172.149993896484,166.800003051758,170.570007324219,170.570007324219,23938200
203,2022-08-05,166.990005493164,171.610000610352,165.800003051758,167.110000610352,167.110000610352,25832700
204,2022-08-08,168.0,177.509994506836,167.130004882813,170.25,170.25,27299100
205,2022-08-09,168.949996948242,169.529998779297,166.600006103516,168.529998779297,168.529998779297,18655100
206,2022-08-10,175.990005493164,180.479995727539,173.949996948242,178.339996337891,178.339996337891,30262100
207,2022-08-11,179.710006713867,183.100006103516,176.369995117188,177.490005493164,177.490005493164,24079100
208,2022-08-12,180.809997558594,181.460006713867,178.910003662109,180.5,180.5,21274000
209,2022-08-15,178.960006713867,181.440002441406,178.199996948242,180.889999389648,180.889999389648,15878700
210,2022-08-16,179.440002441406,180.990005493164,177.039993286133,179.470001220703,179.470001220703,21156700
211,2022-08-17,176.759994506836,178.139999389648,174.169998168945,174.850006103516,174.850006103516,20118100
212,2022-08-18,174.339996337891,175.759994506836,171.860000610352,174.660003662109,174.660003662109,18844500
213,2022-08-19,170.199996948242,172.320007324219,167.050003051758,167.960006713867,167.960006713867,26240800
214,2022-08-22,165.490005493164,165.490005493164,162.259994506836,163.050003051758,163.050003051758,19499700
215,2022-08-23,162.479995727539,165.050003051758,160.699996948242,161.110000610352,161.110000610352,18111800
216,2022-08-24,160.600006103516,165.460006713867,159.770004272461,163.259994506836,163.259994506836,20891500
217,2022-08-25,165.179992675781,168.880004882813,164.020004272461,168.779998779297,168.779998779297,15550500
218,2022-08-26,168.479995727539,170.919998168945,161.669998168945,161.779998779297,161.779998779297,24023600
219,2022-08-29,160.660003662109,163.050003051758,159.009994506836,159.169998168945,159.169998168945,20052700
220,2022-08-30,160.350006103516,161.660003662109,155.910003662109,157.160003662109,157.160003662109,19567900
221,2022-08-31,167.070007324219,167.839996337891,162.139999389648,162.929992675781,162.929992675781,40953000
222,2022-09-01,163.580001831055,167.360000610352,160.350006103516,165.360000610352,165.360000610352,30145700
223,2022-09-02,167.449996948242,167.929992675781,159.220001220703,160.320007324219,160.320007324219,22634200
224,2022-09-06,160.100006103516,161.690002441406,157.690002441406,158.539993286133,158.539993286133,19339800
225,2022-09-07,157.759994506836,160.960006713867,156.809997558594,160.389999389648,160.389999389648,16831200
226,2022-09-08,158.710006713867,162.229995727539,157.740005493164,162.059997558594,162.059997558594,22530800
227,2022-09-09,163.25,169.539993286133,163.020004272461,169.149993896484,169.149993896484,22086800
228,2022-09-12,167.389999389648,171.389999389648,167.279998779297,168.960006713867,168.960006713867,23220400
229,2022-09-13,161.539993286133,161.630004882813,152.669998168945,153.130004882813,153.130004882813,44444100
230,2022-09-14,153.330001831055,153.539993286133,149.050003051758,151.470001220703,151.470001220703,43064200
231,2022-09-15,149.800003051758,154.199996948242,148.699996948242,149.550003051758,149.550003051758,34606300
232,2022-09-16,148.050003051758,148.580001831055,144.289993286133,146.289993286133,146.289993286133,40122800
233,2022-09-19,145.240005493164,148.580001831055,145.100006103516,148.020004272461,148.020004272461,22169500
234,2022-09-20,145.779998779297,148.839996337891,145.220001220703,146.089996337891,146.089996337891,23217400
235,2022-09-21,146.389999389648,149.600006103516,142.0,142.119995117188,142.119995117188,38338600
236,2022-09-22,141.550003051758,144.580001831055,140.869995117188,142.820007324219,142.820007324219,34418500
237,2022-09-23,141.419998168945,142.619995117188,138.889999389648,140.410003662109,140.410003662109,31710700
238,2022-09-26,140.119995117188,142.240005493164,136.190002441406,136.369995117188,136.369995117188,30497000
239,2022-09-27,137.919998168945,139.419998168945,134.119995117188,134.399993896484,134.399993896484,30826500
240,2022-09-28,134.619995117188,142.029998779297,134.270004272461,141.610000610352,141.610000610352,32658500
241,2022-09-29,139.360000610352,139.839996337891,135.199996948242,136.410003662109,136.410003662109,38985400
242,2022-09-30,136.050003051758,140.990005493164,135.5,135.679992675781,135.679992675781,33166400
243,2022-10-03,137.139999389648,139.619995117188,136.100006103516,138.610000610352,138.610000610352,27723100
244,2022-10-04,140.490005493164,142.389999389648,139.339996337891,140.279998779297,140.279998779297,34670700
245,2022-10-05,138.240005493164,140.210006713867,134.779998779297,138.979995727539,138.979995727539,27979300
246,2022-10-06,137.720001220703,141.449996948242,136.600006103516,139.070007324219,139.070007324219,36231100
247,2022-10-07,136.759994506836,138.289993286133,132.440002441406,133.449996948242,133.449996948242,33214800
248,2022-10-10,133.550003051758,136.110000610352,131.869995117188,133.789993286133,133.789993286133,24024000
249,2022-10-11,131.619995117188,132.660003662109,126.98999786377,128.539993286133,128.539993286133,38481400
250,2022-10-12,128.320007324219,129.669998168945,126.25,127.5,127.5,34605200
251,2022-10-13,123.529998779297,131.139999389648,122.529998779297,130.289993286133,130.289993286133,34325700
252,2022-10-14,131.0,131.789993286133,126.519996643066,126.76000213623,126.76000213623,23559400
253,2022-10-17,130.300003051758,134.789993286133,130.179992675781,134.039993286133,134.039993286133,29612200
254,2022-10-18,137.089996337891,137.839996337891,131.399993896484,132.800003051758,132.800003051758,25445000
255,2022-10-19,132.889999389648,137.0,132.220001220703,133.229995727539,133.229995727539,30691000
256,2022-10-20,132.929992675781,136.770004272461,131.309997558594,131.529998779297,131.529998779297,26356300
257,2022-10-21,126.309997558594,130.119995117188,125.440002441406,130.009994506836,130.009994506836,46348600
258,2022-10-24,127.25,133.479995727539,124.569999694824,129.720001220703,129.720001220703,63563400
259,2022-10-25,130.880004882813,138.350006103516,130.589996337891,137.509994506836,137.509994506836,38433200
260,2022-10-26,131.679992675781,135.550003051758,128.529998779297,129.820007324219,129.820007324219,82791500
261,2022-10-27,97.9800033569336,102.5,96.379997253418,97.9400024414062,97.9400024414062,232316600
262,2022-10-28,99.5800018310547,100.849998474121,97.5100021362305,99.1999969482422,99.1999969482422,95928300
263,2022-10-31,98.2200012207031,99.3199996948242,92.5999984741211,93.1600036621094,93.1600036621094,121361400
264,2022-11-01,94.3300018310547,97.4899978637695,93.5500030517578,95.1999969482422,95.1999969482422,110189600
265,2022-11-02,94.2099990844727,95.1999969482422,90.4800033569336,90.5400009155273,90.5400009155273,71821100
266,2022-11-03,90.0800018310547,90.4599990844727,88.4100036621094,88.9100036621094,88.9100036621094,60664000
267,2022-11-04,90.3499984741211,91.3899993896484,88.0899963378906,90.7900009155273,90.7900009155273,55638100
268,2022-11-07,94.7799987792969,96.879997253418,93.0999984741211,96.7200012207031,96.7200012207031,81987300
269,2022-11-08,95.9199981689453,97.8000030517578,94.7900009155273,96.4700012207031,96.4700012207031,52088300
270,2022-11-09,101.720001220703,104.900001525879,100.73999786377,101.470001220703,101.470001220703,107677300
271,2022-11-10,107.120002746582,112.75,104.610000610352,111.870002746582,111.870002746582,80671000
272,2022-11-11,109.230003356934,114.900001525879,108.809997558594,113.019996643066,113.019996643066,59961700
273,2022-11-14,110.98999786377,116.269996643066,110.800003051758,114.220001220703,114.220001220703,53395000
274,2022-11-15,116.069999694824,118.73999786377,114.410003662109,117.080001831055,117.080001831055,50670500
275,2022-11-16,114.5,116.080001831055,112.660003662109,113.230003356934,113.230003356934,33287800
276,2022-11-17,110.410003662109,112.330001831055,109.800003051758,111.449996948242,111.449996948242,35093800
277,2022-11-18,113.800003051758,114.319999694824,110.620002746582,112.050003051758,112.050003051758,33357700
278,2022-11-21,111.519996643066,112.370002746582,109.190002441406,109.860000610352,109.860000610352,24351100
279,2022-11-22,109.860000610352,111.620002746582,108.319999694824,111.440002441406,111.440002441406,29029000
280,2022-11-23,111.720001220703,112.669998168945,110.730003356934,112.23999786377,112.23999786377,21343100
281,2022-11-25,111.300003051758,112.730003356934,111.019996643066,111.410003662109,111.410003662109,12007600
282,2022-11-28,110.779998779297,112.040000915527,108.379997253418,108.779998779297,108.779998779297,23309400
283,2022-11-29,109.540000915527,110.940002441406,108.540000915527,109.459999084473,109.459999084473,23899200
284,2022-11-30,109.51000213623,118.160003662109,109.379997253418,118.099998474121,118.099998474121,43348600
285,2022-12-01,119.199996948242,121.199996948242,118.400001525879,120.440002441406,120.440002441406,36551400
286,2022-12-02,117.830001831055,124.040000915527,117.610000610352,123.48999786377,123.48999786377,39950500
287,2022-12-05,121.75,124.669998168945,121.349998474121,122.430000305176,122.430000305176,35474900
288,2022-12-06,119.910003662109,120.550003051758,113.73999786377,114.120002746582,114.120002746582,43689200
289,2022-12-07,113.76000213623,115.879997253418,112.879997253418,113.930000305176,113.930000305176,29461100
290,2022-12-08,116.389999389648,117.339996337891,114.589996337891,115.330001831055,115.330001831055,30619400
291,2022-12-09,115.300003051758,117.540000915527,113.870002746582,115.900001525879,115.900001525879,26033400
292,2022-12-12,115.180000305176,115.720001220703,113.139999389648,114.709999084473,114.709999084473,24747100
293,2022-12-13,122.129997253418,123.300003051758,118.639999389648,120.150001525879,120.150001525879,44701100
294,2022-12-14,119.389999389648,124.139999389648,119.389999389648,121.589996337891,121.589996337891,36922000
295,2022-12-15,118.330001831055,118.629997253418,114.01000213623,116.150001525879,116.150001525879,34531000
296,2022-12-16,120.230003356934,123.309997558594,118.819999694824,119.430000305176,119.430000305176,67064000
297,2022-12-19,116.830001831055,117.800003051758,114.330001831055,114.480003356934,114.480003356934,29769900
298,2022-12-20,113.26000213623,117.330001831055,112.459999084473,117.089996337891,117.089996337891,28742500
299,2022-12-21,116.699996948242,120.339996337891,115.620002746582,119.76000213623,119.76000213623,20392800
300,2022-12-22,117.199996948242,118.620002746582,114.379997253418,117.120002746582,117.120002746582,23618100
301,2022-12-23,116.029998779297,118.180000305176,115.540000915527,118.040000915527,118.040000915527,17796600
302,2022-12-27,117.930000305176,118.599998474121,116.050003051758,116.879997253418,116.879997253418,21392300
303,2022-12-28,116.25,118.150001525879,115.51000213623,115.620002746582,115.620002746582,19612500
304,2022-12-29,116.400001525879,121.029998779297,115.769996643066,120.26000213623,120.26000213623,22366200
305,2022-12-30,118.160003662109,120.419998168945,117.73999786377,120.339996337891,120.339996337891,19583800
306,2023-01-03,122.819999694824,126.370002746582,122.279998779297,124.73999786377,124.73999786377,35528500
307,2023-01-04,127.379997253418,129.050003051758,125.849998474121,127.370002746582,127.370002746582,32397100
308,2023-01-05,126.129997253418,128.520004272461,124.540000915527,126.940002441406,126.940002441406,25447100
309,2023-01-06,128.970001220703,130.330001831055,126.040000915527,130.020004272461,130.020004272461,27584500
310,2023-01-09,131.160003662109,132.949996948242,129.279998779297,129.470001220703,129.470001220703,26649100
311,2023-01-10,127.269996643066,133.440002441406,127.150001525879,132.990005493164,132.990005493164,28684400
312,2023-01-11,130.960006713867,133.850006103516,130.339996337891,132.889999389648,132.889999389648,25423000
313,2023-01-12,133.440002441406,137.679992675781,131.759994506836,136.710006713867,136.710006713867,30757700
314,2023-01-13,134.970001220703,137.389999389648,134.839996337891,136.979995727539,136.979995727539,22423800
315,2023-01-17,136.179992675781,136.75,134.25,135.360000610352,135.360000610352,21147600
316,2023-01-18,135.809997558594,137.25,132.800003051758,133.020004272461,133.020004272461,20215500
317,2023-01-19,132.490005493164,137.449996948242,132.139999389648,136.149993896484,136.149993896484,28625200
318,2023-01-20,135.889999389648,139.940002441406,134.610000610352,139.369995117188,139.369995117188,28688600
319,2023-01-23,139.289993286133,143.759994506836,138.660003662109,143.270004272461,143.270004272461,27470100
320,2023-01-24,141.690002441406,145.0,141.360000610352,143.139999389648,143.139999389648,21970200
321,2023-01-25,141.220001220703,143.169998168945,140.309997558594,141.5,141.5,26622000
322,2023-01-26,144.399993896484,147.509994506836,143.300003051758,147.300003051758,147.300003051758,25482100
323,2023-01-27,148.240005493164,153.190002441406,147.389999389648,151.740005493164,151.740005493164,35771900
324,2023-01-30,149.410003662109,151.119995117188,146.949996948242,147.059997558594,147.059997558594,28040100
325,2023-01-31,147.949996948242,149.880004882813,147.520004272461,148.970001220703,148.970001220703,29842100
326,2023-02-01,148.029998779297,153.580001831055,147.059997558594,153.119995117188,153.119995117188,55661000
327,2023-02-02,183.380004882813,197.160003662109,180.160003662109,188.770004272461,188.770004272461,150475700
328,2023-02-03,183.470001220703,196.770004272461,182.889999389648,186.529998779297,186.529998779297,76809700
329,2023-02-06,186.529998779297,190.699996948242,185.520004272461,186.059997558594,186.059997558594,42483800
330,2023-02-07,185.580001831055,193.779998779297,184.399993896484,191.619995117188,191.619995117188,47080700
331,2023-02-08,190.0,190.830001831055,182.919998168945,183.429992675781,183.429992675781,36139100
332,2023-02-09,186.130004882813,186.649993896484,177.270004272461,177.919998168945,177.919998168945,37118800
333,2023-02-10,176.350006103516,178.889999389648,173.350006103516,174.149993896484,174.149993896484,33433600
334,2023-02-13,178.220001220703,181.0,175.820007324219,179.429992675781,179.429992675781,31463200
335,2023-02-14,177.160003662109,181.509994506836,175.880004882813,179.479995727539,179.479995727539,24034600
336,2023-02-15,176.419998168945,178.190002441406,175.330001831055,177.160003662109,177.160003662109,25308900
337,2023-02-16,172.75,175.850006103516,171.789993286133,172.440002441406,172.440002441406,25827500
338,2023-02-17,170.220001220703,173.179992675781,169.699996948242,172.880004882813,172.880004882813,24171300
339,2023-02-21,174.309997558594,178.169998168945,171.880004882813,172.080001831055,172.080001831055,34592600
340,2023-02-22,171.070007324219,172.759994506836,169.690002441406,171.119995117188,171.119995117188,22433200
341,2023-02-23,172.0,173.690002441406,169.380004882813,172.039993286133,172.039993286133,20017800
342,2023-02-24,168.639999389648,170.720001220703,167.660003662109,170.389999389648,170.389999389648,19791300
343,2023-02-27,171.880004882813,173.119995117188,169.059997558594,169.539993286133,169.539993286133,19277000
344,2023-02-28,171.899993896484,177.550003051758,171.869995117188,174.940002441406,174.940002441406,46051100
345,2023-03-01,174.589996337891,177.850006103516,173.050003051758,173.419998168945,173.419998168945,30998400
346,2023-03-02,172.380004882813,175.009994506836,171.429992675781,174.529998779297,174.529998779297,17352000
347,2023-03-03,178.919998168945,186.619995117188,177.050003051758,185.25,185.25,45877700
348,2023-03-06,188.0,189.660003662109,184.639999389648,184.899993896484,184.899993896484,33209400
349,2023-03-07,189.0,190.360000610352,184.009994506836,184.509994506836,184.509994506836,36701500
350,2023-03-08,182.869995117188,185.259994506836,181.339996337891,184.970001220703,184.970001220703,19432400
351,2023-03-09,186.350006103516,188.929992675781,180.300003051758,181.690002441406,181.690002441406,26582800
352,2023-03-10,181.009994506836,184.770004272461,178.800003051758,179.509994506836,179.509994506836,25665000
353,2023-03-13,177.960006713867,183.779998779297,174.820007324219,180.899993896484,180.899993896484,24728000
354,2023-03-14,187.580001831055,194.320007324219,186.559997558594,194.020004272461,194.020004272461,41642600
355,2023-03-15,192.949996948242,197.779998779297,190.839996337891,197.75,197.75,42123600
356,2023-03-16,198.259994506836,205.759994506836,196.089996337891,204.929992675781,204.929992675781,50447100
357,2023-03-17,200.559997558594,201.899993896484,195.429992675781,195.610000610352,195.610000610352,50141100
358,2023-03-20,198.479995727539,199.360000610352,193.639999389648,197.809997558594,197.809997558594,25186300
359,2023-03-21,203.199996948242,203.550003051758,197.949996948242,202.160003662109,202.160003662109,31827000
360,2023-03-22,202.5,207.369995117187,199.669998168945,199.809997558594,199.809997558594,28477800
361,2023-03-23,202.839996337891,207.880004882812,202.149993896484,204.279998779297,204.279998779297,27389700
362,2023-03-24,205.179992675781,207.580001831055,203.550003051758,206.009994506836,206.009994506836,27716400
363,2023-03-27,204.809997558594,205.860000610352,201.360000610352,202.839996337891,202.839996337891,18527200
364,2023-03-28,200.149993896484,201.029998779297,197.899993896484,200.679992675781,200.679992675781,19127300
365,2023-03-29,203.559997558594,205.720001220703,202.539993286133,205.350006103516,205.350006103516,18851100
366,2023-03-30,203.380004882812,208.089996337891,202.820007324219,207.839996337891,207.839996337891,22608300
367,2023-03-31,207.240005493164,212.169998168945,206.770004272461,211.940002441406,211.940002441406,25440300
368,2023-04-03,208.839996337891,213.490005493164,208.199996948242,213.070007324219,213.070007324219,17924600
369,2023-04-04,213.389999389648,216.240005493164,212.539993286133,214.720001220703,214.720001220703,21026400
370,2023-04-05,214.149993896484,215.190002441406,209.940002441406,211.479995727539,211.479995727539,19396600
371,2023-04-06,209.25,216.940002441406,208.649993896484,216.100006103516,216.100006103516,26104400
372,2023-04-10,214.710006713867,215.660003662109,210.660003662109,214.75,214.75,16106100
373,2023-04-11,215.479995727539,216.020004272461,213.410003662109,213.850006103516,213.850006103516,16710100
374,2023-04-12,214.839996337891,216.839996337891,212.580001831055,214.0,214.0,18972200
375,2023-04-13,215.729995727539,221.149993896484,215.690002441406,220.350006103516,220.350006103516,23310400
376,2023-04-14,217.880004882812,222.110000610352,217.550003051758,221.490005493164,221.490005493164,21591200
377,2023-04-17,219.789993286133,220.979995727539,217.130004882812,218.860000610352,218.860000610352,15481900
378,2023-04-18,219.910003662109,220.440002441406,216.210006713867,217.889999389648,217.889999389648,12281000
379,2023-04-19,213.470001220703,217.330001831055,212.929992675781,215.699996948242,215.699996948242,15898100
380,2023-04-20,213.479995727539,216.75,212.770004272461,213.070007324219,213.070007324219,16475400
381,2023-04-21,210.210006713867,213.410003662109,209.580001831055,212.889999389648,212.889999389648,17717200
382,2023-04-24,213.679992675781,213.919998168945,210.710006713867,212.789993286133,212.789993286133,15750900
383,2023-04-25,210.820007324219,211.259994506836,207.130004882812,207.550003051758,207.550003051758,19198200
384,2023-04-26,212.5,214.110000610352,208.880004882812,209.399993896484,209.399993896484,41992700
385,2023-04-27,239.889999389648,241.690002441406,236.770004272461,238.559997558594,238.559997558594,71196500
386,2023-04-28,239.009994506836,240.429992675781,235.75,240.320007324219,240.320007324219,39554000
387,2023-05-01,238.619995117187,244.0,236.460006713867,243.179992675781,243.179992675781,29143900
388,2023-05-02,243.179992675781,244.919998168945,238.990005493164,239.240005493164,239.240005493164,24350100
389,2023-05-03,239.470001220703,241.75,232.75,237.029998779297,237.029998779297,34463900
390,2023-05-04,236.059997558594,238.199996948242,232.929992675781,233.520004272461,233.520004272461,17889400
391,2023-05-05,232.240005493164,234.679992675781,229.850006103516,232.779998779297,232.779998779297,26978900
392,2023-05-08,231.419998168945,235.619995117188,230.270004272461,233.270004272461,233.270004272461,16400500
393,2023-05-09,231.460006713867,235.880004882812,231.080001831055,233.369995117187,233.369995117187,16865600
394,2023-05-10,236.169998168945,236.75,230.720001220703,233.080001831055,233.080001831055,19119000
395,2023-05-11,233.050003051758,238.210006713867,232.300003051758,235.789993286133,235.789993286133,20449000
396,2023-05-12,236.740005493164,236.960006713867,231.449996948242,233.809997558594,233.809997558594,16155300
397,2023-05-15,236.919998168945,240.259994506836,235.330001831055,238.860000610352,238.860000610352,20653200
398,2023-05-16,235.789993286133,239.639999389648,235.520004272461,238.820007324219,238.820007324219,18163800
399,2023-05-17,238.449996948242,243.839996337891,238.139999389648,242.490005493164,242.490005493164,21193100
400,2023-05-18,241.300003051758,247.089996337891,241.190002441406,246.850006103516,246.850006103516,22943300
401,2023-05-19,247.470001220703,248.690002441406,243.410003662109,245.639999389648,245.639999389648,21599800
402,2023-05-22,245.410003662109,253.570007324219,245.119995117187,248.320007324219,248.320007324219,27738500
403,2023-05-23,246.809997558594,251.610000610352,246.649993896484,246.740005493164,246.740005493164,17748100
404,2023-05-24,245.279998779297,249.589996337891,244.949996948242,249.210006713867,249.210006713867,17724300
405,2023-05-25,253.399993896484,255.619995117187,249.169998168945,252.690002441406,252.690002441406,22371400
406,2023-05-26,252.929992675781,262.309997558594,252.710006713867,262.040008544922,262.040008544922,25727200
407,2023-05-30,265.25,268.649993896484,261.290008544922,262.519989013672,262.519989013672,23816500
408,2023-05-31,260.0,265.0,258.450012207031,264.720001220703,264.720001220703,25473700
409,2023-06-01,265.899993896484,274.0,265.890014648437,272.609985351562,272.609985351562,25609500
410,2023-06-02,272.660003662109,275.350006103516,271.119995117188,272.609985351562,272.609985351562,19405300
411,2023-06-05,270.299987792969,275.570007324219,269.559997558594,271.390014648437,271.390014648437,20742900
412,2023-06-06,270.140014648437,276.570007324219,269.690002441406,271.119995117188,271.119995117188,19419000
413,2023-06-07,271.670013427734,274.25,262.799987792969,263.600006103516,263.600006103516,26163600
414,2023-06-08,260.619995117188,267.649993896484,258.880004882812,264.579986572266,264.579986572266,20899400
415,2023-06-09,262.480010986328,267.950012207031,261.700012207031,264.950012207031,264.950012207031,16938500
416,2023-06-12,267.170013427734,271.75,265.329986572266,271.049987792969,271.049987792969,15442500
417,2023-06-13,274.880004882812,275.720001220703,269.089996337891,271.320007324219,271.320007324219,16164000
418,2023-06-14,271.890014648437,274.989990234375,268.320007324219,273.350006103516,273.350006103516,19175100
419,2023-06-15,272.299987792969,283.989990234375,271.420013427734,281.829986572266,281.829986572266,25973500
420,2023-06-16,284.75,287.850006103516,280.130004882812,281.0,281.0,43102500
421,2023-06-20,278.730010986328,284.799987792969,276.220001220703,284.329986572266,284.329986572266,20701600
422,2023-06-21,283.529998779297,284.0,278.359985351562,281.640014648437,281.640014648437,20556200
423,2023-06-22,279.079986572266,285.260009765625,277.790008544922,284.880004882812,284.880004882812,17563100
424,2023-06-23,281.510009765625,289.670013427734,278.950012207031,288.730010986328,288.730010986328,50988400
425,2023-06-26,288.700012207031,289.790008544922,277.600006103516,278.470001220703,278.470001220703,24232700
426,2023-06-27,282.010009765625,289.350006103516,280.649993896484,287.049987792969,287.049987792969,26108300
427,2023-06-28,284.820007324219,289.549987792969,284.059997558594,285.290008544922,285.290008544922,16722100
428,2023-06-29,284.5,286.570007324219,280.690002441406,281.529998779297,281.529998779297,15395700
429,2023-06-30,284.760009765625,289.049987792969,284.420013427734,286.980010986328,286.980010986328,19676000
430,2023-07-03,286.700012207031,289.399993896484,284.850006103516,286.019989013672,286.019989013672,8629300
431,2023-07-05,287.649993896484,298.119995117188,286.359985351563,294.369995117187,294.369995117187,33865500
432,2023-07-06,295.890014648438,298.119995117188,291.309997558594,291.989990234375,291.989990234375,47600500
433,2023-07-07,292.179992675781,296.200012207031,288.660003662109,290.529998779297,290.529998779297,25546200
434,2023-07-10,295.549987792969,298.130004882813,287.049987792969,294.100006103516,294.100006103516,37058300
435,2023-07-11,293.899993896484,300.179992675781,291.899993896484,298.290008544922,298.290008544922,27585900
436,2023-07-12,301.75,309.450012207031,300.100006103516,309.339996337891,309.339996337891,36677100
437,2023-07-13,313.619995117187,316.239990234375,310.290008544922,313.410003662109,313.410003662109,30281000
438,2023-07-14,311.790008544922,314.880004882813,307.359985351562,308.869995117188,308.869995117188,22576000
439,2023-07-17,307.540008544922,311.709991455078,304.709991455078,310.619995117188,310.619995117188,25323100
440,2023-07-18,310.880004882812,314.200012207031,307.619995117187,312.049987792969,312.049987792969,20764600
441,2023-07-19,313.029998779297,318.679992675781,310.519989013672,316.010009765625,316.010009765625,21763700
442,2023-07-20,313.5,315.540008544922,302.220001220703,302.519989013672,302.519989013672,23836900
443,2023-07-21,304.570007324219,305.459991455078,291.200012207031,294.260009765625,294.260009765625,42089700
444,2023-07-24,295.779998779297,297.519989013672,288.299987792969,291.609985351562,291.609985351562,24915700
445,2023-07-25,295.190002441406,298.299987792969,291.859985351562,294.470001220703,294.470001220703,19585600
446,2023-07-26,301.190002441406,301.769989013672,291.899993896484,298.570007324219,298.570007324219,47256900
447,2023-07-27,325.119995117188,325.350006103516,309.839996337891,311.709991455078,311.709991455078,64229200
448,2023-07-28,316.880004882813,326.200012207031,314.25,325.480010986328,325.480010986328,39220300
449,2023-07-31,323.690002441406,325.660003662109,317.589996337891,318.600006103516,318.600006103516,25799600
450,2023-08-01,317.540008544922,324.140014648437,314.660003662109,322.709991455078,322.709991455078,22817900
451,2023-08-02,318.0,318.390014648437,310.649993896484,314.309997558594,314.309997558594,20461100
452,2023-08-03,309.929992675781,315.950012207031,309.929992675781,313.190002441406,313.190002441406,15180200
453,2023-08-04,314.959991455078,318.410003662109,310.200012207031,310.730010986328,310.730010986328,17600200
454,2023-08-07,313.230010986328,317.070007324219,310.459991455078,316.559997558594,316.559997558594,16236500
455,2023-08-08,314.399993896484,317.890014648437,310.109985351562,312.640014648438,312.640014648438,15183500
456,2023-08-09,312.880004882813,313.630004882812,302.850006103516,305.209991455078,305.209991455078,19955800
457,2023-08-10,307.940002441406,312.339996337891,303.869995117187,305.739990234375,305.739990234375,14358900
458,2023-08-11,302.570007324219,304.720001220703,300.359985351563,301.640014648437,301.640014648437,13967800
459,2023-08-14,300.980010986328,306.209991455078,298.25,306.190002441406,306.190002441406,15641900
460,2023-08-15,306.140014648438,307.230010986328,300.029998779297,301.950012207031,301.950012207031,11623600
461,2023-08-16,300.200012207031,301.079986572266,294.279998779297,294.290008544922,294.290008544922,18547700
462,2023-08-17,293.049987792969,296.049987792969,284.950012207031,285.089996337891,285.089996337891,23950100
463,2023-08-18,279.029998779297,285.690002441406,274.380004882812,283.25,283.25,34061200
464,2023-08-21,283.450012207031,290.5,281.850006103516,289.899993896484,289.899993896484,20181500
465,2023-08-22,292.549987792969,292.899993896484,286.75,287.600006103516,287.600006103516,12999900
466,2023-08-23,288.5,297.399993896484,287.670013427734,294.239990234375,294.239990234375,18287000
467,2023-08-24,298.5,299.459991455078,286.640014648437,286.75,286.75,18360900
468,2023-08-25,286.130004882812,288.390014648437,276.029998779297,285.5,285.5,23701400
469,2023-08-28,288.0,291.450012207031,285.799987792969,290.260009765625,290.260009765625,14239300
470,2023-08-29,288.579986572266,299.149993896484,288.179992675781,297.989990234375,297.989990234375,20844500
471,2023-08-30,297.170013427734,298.290008544922,293.429992675781,295.100006103516,295.100006103516,17717000
472,2023-08-31,295.799987792969,301.100006103516,295.660003662109,295.890014648438,295.890014648438,17229900
473,2023-09-01,299.369995117187,301.739990234375,294.470001220703,296.380004882812,296.380004882812,12819800
474,2023-09-05,297.019989013672,301.390014648437,295.510009765625,300.149993896484,300.149993896484,14956000
475,2023-09-06,301.709991455078,303.299987792969,295.660003662109,299.170013427734,299.170013427734,15418100
476,2023-09-07,298.0,307.049987792969,292.220001220703,298.670013427734,298.670013427734,33748700
477,2023-09-08,299.220001220703,305.25,296.779998779297,297.890014648437,297.890014648437,17548000
478,2023-09-11,301.410003662109,309.040008544922,301.279998779297,307.559997558594,307.559997558594,19489300
479,2023-09-12,306.329986572266,308.660003662109,300.230010986328,301.660003662109,301.660003662109,13480400
480,2023-09-13,302.359985351563,307.179992675781,301.320007324219,305.059997558594,305.059997558594,13210900
481,2023-09-14,306.739990234375,312.869995117188,305.029998779297,311.720001220703,311.720001220703,19343100
482,2023-09-15,311.609985351562,312.0,298.75,300.309997558594,300.309997558594,28106400
483,2023-09-18,298.190002441406,303.600006103516,297.799987792969,302.549987792969,302.549987792969,14234200
484,2023-09-19,302.480010986328,306.170013427734,299.809997558594,305.070007324219,305.070007324219,15924400
485,2023-09-20,305.049987792969,308.059997558594,299.429992675781,299.670013427734,299.670013427734,19379500
486,2023-09-21,295.700012207031,300.260009765625,293.269989013672,295.730010986328,295.730010986328,21300500
487,2023-09-22,299.299987792969,305.380004882812,298.269989013672,299.079986572266,299.079986572266,25369600
488,2023-09-25,295.640014648438,300.950012207031,293.700012207031,300.829986572266,300.829986572266,18987000
489,2023-09-26,297.660003662109,300.299987792969,296.010009765625,298.959991455078,298.959991455078,19417200
490,2023-09-27,300.450012207031,301.299987792969,286.790008544922,297.739990234375,297.739990234375,36429800
491,2023-09-28,298.940002441406,306.329986572266,296.700012207031,303.959991455078,303.959991455078,22167100
492,2023-09-29,307.380004882812,310.640014648438,299.359985351562,300.209991455078,300.209991455078,25356600
493,2023-10-02,302.739990234375,307.179992675781,301.630004882812,306.820007324219,306.820007324219,16265600
494,2023-10-03,304.260009765625,306.769989013672,299.640014648437,300.940002441406,300.940002441406,17362300
495,2023-10-04,298.730010986328,306.899993896484,298.5,305.579986572266,305.579986572266,16880500
496,2023-10-05,304.630004882812,306.209991455078,299.5,304.790008544922,304.790008544922,19130000
497,2023-10-06,301.440002441406,316.309997558594,300.910003662109,315.429992675781,315.429992675781,21784000
498,2023-10-09,312.5,320.329986572266,311.820007324219,318.359985351562,318.359985351562,22503700
499,2023-10-10,319.119995117188,324.660003662109,318.160003662109,321.839996337891,321.839996337891,19038000
500,2023-10-11,323.010009765625,328.839996337891,322.950012207031,327.820007324219,327.820007324219,22036300
501,2023-10-12,328.0,330.540008544922,322.690002441406,324.160003662109,324.160003662109,20530500
502,2023-10-13,323.529998779297,325.049987792969,312.369995117187,314.690002441406,314.690002441406,21341000
